"Lokasi","MD5"
"hasil_analisis/cfa/esi/laporan_cfa.txt","1131f74e77a42b5bd7a7f064f5930dd1"
"hasil_analisis/cfa/esi/plot_model_awal.png","d6003925997e0fe967232bae6b3ca508"
"hasil_analisis/cfa/esi/plot_model.png","8daa79b25462941d65678b43140f5cfc"
"hasil_analisis/cfa/peb/laporan_cfa.txt","2a398a7bc4256213fe66486903ede3c7"
"hasil_analisis/cfa/peb/plot_model_awal.png","c729bd65a790da43b89cc919a6cfc09d"
"hasil_analisis/cfa/peb/plot_model.png","e967a14e74473afe126c71d6d44217ba"
"hasil_analisis/cfa/psmls/laporan_cfa.txt","05600832ef397d465b3bd77c3d8f9172"
"hasil_analisis/cfa/psmls/plot_model_awal.png","c2f6c00a32d2ec07a15aa2286a3879bb"
"hasil_analisis/cfa/psmls/plot_model.png","6a70ac9a495b3dbb7f75ea1b26bb8f62"
"hasil_analisis/cfa/pwb/laporan_cfa.txt","6cf8f76e6d3056796f392395ae1d6b80"
"hasil_analisis/cfa/pwb/plot_method_factor.png","785a52c864559eabf09e364e1ea2230c"
"hasil_analisis/cfa/pwb/plot_model_awal.png","eb9a1511d0796e6fdace05d5bcfd1af5"
"hasil_analisis/cfa/pwb/plot_model.png","7a23a660393379575207770a2402fa7f"
"hasil_analisis/deskriptif/korelasi_semua_skor.csv","f3f9d0d7dc4775bcc9a5d558a295babe"
"hasil_analisis/deskriptif/korelasi.csv","4acc5646eac19ff3968359da51becd7a"
"hasil_analisis/deskriptif/nilai_p_korelasi.csv","4b1cfb58abf9e1c84e746f0688770b37"
"hasil_analisis/deskriptif/statistik_deskriptif.csv","c10c5c81b867026a561bcb4a3365c6cc"
"hasil_analisis/deskriptif/statistik_semua_skor.csv","3d4ba3cc7230e2f92a6024015932d721"
"hasil_analisis/laporan_lengkap.txt","507d3ca1500dda02439ccef3dfb4b8fd"
"hasil_analisis/model_7/bootstrap_mentah.rds","b5b28f4ee9f47208e711b2e6855fb629"
"hasil_analisis/model_7/diagnostik_asumsi.csv","94e16d0190e55ac23d3435a8de89c724"
"hasil_analisis/model_7/efek_tidak_langsung_bootstrap.csv","4a54bce6378b8b2be4b41cd2ce0fdd73"
"hasil_analisis/model_7/gambar_model_7.png","11f85d34e141090cfd7d0d35a407fef0"
"hasil_analisis/model_7/grafik_interaksi.png","8d5a523954451876aafb90def15dfa86"
"hasil_analisis/model_7/grafik_johnson_neyman.png","b26e8199710241575e51b1a010460efb"
"hasil_analisis/model_7/johnson_neyman.txt","a8daeb0c96b6a352140190e21f05b973"
"hasil_analisis/model_7/kecocokan_pengukuran.csv","c90e77190a1b35942aeb9f22f89fedd1"
"hasil_analisis/model_7/koefisien_mediator_hc3.csv","524337a52385845eb8f7742bd43f2795"
"hasil_analisis/model_7/koefisien_outcome_ols.csv","14687efe16967b85e18b56bc1bf336f2"
"hasil_analisis/model_7/metode_skor_tsfs.txt","6d28cbb35892a87937baea95dfea1a2f"
"hasil_analisis/model_7/objek_analisis.rds","da486b07437f53d2f867ad6fd2902b1b"
"hasil_analisis/model_7/pemeriksaan_skor_bartlett.csv","cd588e29430cf4f57477140ebd3a50fa"
"hasil_analisis/model_7/r_kuadrat.csv","78b1e23162fc19c7c45166975ded1b21"
"hasil_analisis/model_7/simple_slopes.csv","ab5f1d1639eb7f2123d5983bded4bf4d"
"data/skor_faktor_tsfs.csv","36b71a2c362f9555a55a54ff655ca385"
"data/skor_faktor_tsfs.rds","0c31008083879dde40e9509f2e9e72d5"
