"","PEB_B","ESI_R_M","PSMLS_R_M","PWB_B","PEB_R_Y","ESI_R_Y","ESI_c","PSMLS_c","ESI_x_PSMLS"
"PEB_B",1,0.269115601731164,0.1380923344824,0.306534025731726,0.999088364200353,0.310061964059354,0.269115601731164,0.1380923344824,0.179617961693752
"ESI_R_M",0.269115601731164,1,0.511829631530482,0.462599200551246,0.308520558327812,0.997068559250058,1,0.511829631530482,-0.0537588853317484
"PSMLS_R_M",0.1380923344824,0.511829631530482,1,0.327882787173475,0.156969983289658,0.456986357516363,0.511829631530482,1,-0.0390381247046972
"PWB_B",0.306534025731726,0.462599200551246,0.327882787173475,1,0.32298892575899,0.463649105878177,0.462599200551246,0.327882787173475,0.019462014651212
"PEB_R_Y",0.999088364200353,0.308520558327812,0.156969983289658,0.32298892575899,1,0.348937597547338,0.308520558327812,0.156969983289658,0.175284270172617
"ESI_R_Y",0.310061964059354,0.997068559250058,0.456986357516363,0.463649105878177,0.348937597547338,1,0.997068559250058,0.456986357516363,-0.0444653326244598
"ESI_c",0.269115601731164,1,0.511829631530482,0.462599200551246,0.308520558327812,0.997068559250058,1,0.511829631530482,-0.0537588853317484
"PSMLS_c",0.1380923344824,0.511829631530482,1,0.327882787173475,0.156969983289658,0.456986357516363,0.511829631530482,1,-0.0390381247046972
"ESI_x_PSMLS",0.179617961693752,-0.0537588853317484,-0.0390381247046972,0.019462014651212,0.175284270172617,-0.0444653326244598,-0.0537588853317484,-0.0390381247046972,1
