"Variable","Mean","SD","Min","Max"
"PEB_B",-7.63278329429795e-17,1.06474022840798,-2.14030098211764,3.43478255809415
"ESI_R_M",5.51957469628984e-17,0.936523747536377,-4.76014650832788,1.62311049489176
"PSMLS_R_M",-3.41582822633251e-16,0.927975968969324,-2.42009966371104,1.54015348912401
"PWB_B",-2.0643209364124e-16,1.07517382691458,-5.11363689978611,2.52934573261024
"PEB_R_Y",6.30808536718839e-18,0.940981722749701,-1.98506366528607,3.06197526108164
"ESI_R_Y",9.9983153069936e-17,0.935567332295822,-4.76821249915801,1.67862068331938
"ESI_c",2.01858731750028e-17,0.936523747536377,-4.76014650832788,1.62311049489176
"PSMLS_c",-5.3776427755281e-17,0.927975968969324,-2.42009966371104,1.54015348912401
"ESI_x_PSMLS",0.444184720332155,0.951712866896675,-2.70603507676023,5.44816005504821
